{"feature_1":{"0":1.0,"1":-0.0242640271,"2":-0.0352007171,"3":-0.0175048415,"4":0.0047521493,"5":0.032076674,"6":-0.0153994238,"7":-0.0070731805,"8":0.0216941908,"9":0.0048477663,"10":0.0225762607,"11":0.0476248597,"12":-0.0138367485,"13":0.0190903503},"feature_2":{"0":-0.0242640271,"1":1.0,"2":-0.0493067301,"3":0.0104058221,"4":0.0127052884,"5":0.0289661385,"6":-0.0161329626,"7":-0.0711086389,"8":0.0263658106,"9":0.0196304987,"10":-0.0065401188,"11":0.0430732524,"12":0.0092471406,"13":-0.0047656713},"feature_3":{"0":-0.0352007171,"1":-0.0493067301,"2":1.0,"3":-0.0167190436,"4":-0.0475940121,"5":-0.0069153657,"6":-0.0380154692,"7":0.0264828303,"8":-0.0138381356,"9":0.0060847406,"10":-0.0038765931,"11":-0.0314230343,"12":0.0356798547,"13":-0.0448032337},"feature_4":{"0":-0.0175048415,"1":0.0104058221,"2":-0.0167190436,"3":1.0,"4":-0.047121685,"5":-0.0045253766,"6":0.0209064865,"7":0.0054420221,"8":-0.0052226047,"9":0.034517569,"10":-0.0170459982,"11":0.0215350321,"12":0.0018045508,"13":-0.0253410204},"feature_5":{"0":0.0047521493,"1":0.0127052884,"2":-0.0475940121,"3":-0.047121685,"4":1.0,"5":-0.0245220941,"6":0.0465786109,"7":0.0133313563,"8":0.0171320775,"9":-0.0037273647,"10":0.0374218935,"11":0.0316416352,"12":-0.0541596138,"13":-0.0115475761},"feature_6":{"0":0.032076674,"1":0.0289661385,"2":-0.0069153657,"3":-0.0045253766,"4":-0.0245220941,"5":1.0,"6":-0.0162577095,"7":-0.0022106348,"8":0.0082383543,"9":0.0246680008,"10":0.0028499129,"11":-0.0208063432,"12":-0.0161183292,"13":0.0058233233},"feature_7":{"0":-0.0153994238,"1":-0.0161329626,"2":-0.0380154692,"3":0.0209064865,"4":0.0465786109,"5":-0.0162577095,"6":1.0,"7":0.0082738032,"8":-0.0606568016,"9":0.0069864956,"10":-0.0599919056,"11":-0.0060647823,"12":0.0006839831,"13":-0.0060701431},"feature_8":{"0":-0.0070731805,"1":-0.0711086389,"2":0.0264828303,"3":0.0054420221,"4":0.0133313563,"5":-0.0022106348,"6":0.0082738032,"7":1.0,"8":-0.0087315554,"9":-0.0361506858,"10":0.0170488134,"11":-0.006168577,"12":0.0094423596,"13":0.0193555436},"feature_9":{"0":0.0216941908,"1":0.0263658106,"2":-0.0138381356,"3":-0.0052226047,"4":0.0171320775,"5":0.0082383543,"6":-0.0606568016,"7":-0.0087315554,"8":1.0,"9":0.0288549508,"10":0.0582319074,"11":0.0528413328,"12":-0.0145662728,"13":0.0386778096},"feature_10":{"0":0.0048477663,"1":0.0196304987,"2":0.0060847406,"3":0.034517569,"4":-0.0037273647,"5":0.0246680008,"6":0.0069864956,"7":-0.0361506858,"8":0.0288549508,"9":1.0,"10":0.0026919924,"11":-0.0013180415,"12":-0.0064898011,"13":-0.0053894239},"feature_11":{"0":0.0225762607,"1":-0.0065401188,"2":-0.0038765931,"3":-0.0170459982,"4":0.0374218935,"5":0.0028499129,"6":-0.0599919056,"7":0.0170488134,"8":0.0582319074,"9":0.0026919924,"10":1.0,"11":0.0266281277,"12":-0.0162441907,"13":0.0457649631},"feature_12":{"0":0.0476248597,"1":0.0430732524,"2":-0.0314230343,"3":0.0215350321,"4":0.0316416352,"5":-0.0208063432,"6":-0.0060647823,"7":-0.006168577,"8":0.0528413328,"9":-0.0013180415,"10":0.0266281277,"11":1.0,"12":-0.0212881692,"13":0.0253681589},"feature_13":{"0":-0.0138367485,"1":0.0092471406,"2":0.0356798547,"3":0.0018045508,"4":-0.0541596138,"5":-0.0161183292,"6":0.0006839831,"7":0.0094423596,"8":-0.0145662728,"9":-0.0064898011,"10":-0.0162441907,"11":-0.0212881692,"12":1.0,"13":-0.0506930658},"feature_14":{"0":0.0190903503,"1":-0.0047656713,"2":-0.0448032337,"3":-0.0253410204,"4":-0.0115475761,"5":0.0058233233,"6":-0.0060701431,"7":0.0193555436,"8":0.0386778096,"9":-0.0053894239,"10":0.0457649631,"11":0.0253681589,"12":-0.0506930658,"13":1.0}}