{"category":"\u041c\u044f\u0441\u043e","frequency":101,"mean":5270.3168316832,"max":9966,"min":160,"percent_of_total":12.6725219573}
{"category":"\u041c\u043e\u043b\u043e\u0447\u043d\u044b\u0435 \u043f\u0440\u043e\u0434\u0443\u043a\u0442\u044b","frequency":124,"mean":5217.4032258065,"max":9928,"min":121,"percent_of_total":15.5583437892}
{"category":"\u041e\u0432\u043e\u0449\u0438","frequency":108,"mean":5585.2407407407,"max":9937,"min":162,"percent_of_total":13.5508155583}
{"category":"\u0424\u0440\u0443\u043a\u0442\u044b","frequency":86,"mean":5539.2441860465,"max":9949,"min":153,"percent_of_total":10.7904642409}
{"category":"\u0422\u043e\u0432\u0430\u0440\u044b \u0434\u043b\u044f \u0434\u043e\u043c\u0430","frequency":110,"mean":4942.0272727273,"max":9621,"min":137,"percent_of_total":13.8017565872}
{"category":"\u041d\u0430\u043f\u0438\u0442\u043a\u0438","frequency":124,"mean":5099.4435483871,"max":9995,"min":229,"percent_of_total":15.5583437892}
{"category":"\u0411\u0430\u043a\u0430\u043b\u0435\u044f","frequency":144,"mean":4755.4027777778,"max":9989,"min":184,"percent_of_total":18.0677540778}
