{"pValues":{"0":{"array":[0.486690692,0.486690692,0.486690692,0.486690692,0.486690692,0.486690692,0.486690692,0.486690692,0.486690692,0.486690692,0.486690692,0.486690692,0.486690692],"values":[0.486690692,0.486690692,0.486690692,0.486690692,0.486690692,0.486690692,0.486690692,0.486690692,0.486690692,0.486690692,0.486690692,0.486690692,0.486690692]}},"degreesOfFreedom":{"0":[1247,1247,1247,1247,1247,1247,1247,1247,1247,1247,1247,1247,1247]},"statistics":{"0":{"array":[1248.0,1248.0,1248.0,1248.0,1248.0,1248.0,1248.0,1248.0,1248.0,1248.0,1248.0,1248.0,1248.0],"values":[1248.0,1248.0,1248.0,1248.0,1248.0,1248.0,1248.0,1248.0,1248.0,1248.0,1248.0,1248.0,1248.0]}}}